{
    "Python": [
        "py",
        "python"
    ],
    "Java": [
        "java"
    ],
    "C++": [
        "cpp",
        "cxx",
        "c++"
    ],
    "C#": [
        "c#",
        "csharp"
    ],
    "C": [
        "c"
    ],
    "JavaScript": [
        "js",
        "javascript"
    ],
    "Celery": [
        "celery"
    ],
    "TypeScript": [
        "ts",
        "typescript"
    ],
    "Agile": [
        "agile"
    ],
    "Ruby": [
        "ruby"
    ],
    "PHP": [
        "php"
    ],
    "Swift": [
        "swift"
    ],
    "Linux": [
        "linux"
    ],
    "Kotlin": [
        "kotlin"
    ],
    "Go": [
        "go",
        "golang"
    ],
    "Rust": [
        "rust"
    ],
    "Scala": [
        "scala"
    ],
    "Perl": [
        "perl"
    ],
    "R": [
        "r"
    ],
    "Objective-C": [
        "objc",
        "objective-c"
    ],
    "Haskell": [
        "haskell"
    ],
    "Lua": [
        "lua"
    ],
    "MATLAB": [
        "matlab"
    ],
    "Groovy": [
        "groovy"
    ],
    "Dart": [
        "dart"
    ],
    "Visual Basic": [
        "vb",
        "visual basic"
    ],
    "React": [
        "react",
        "react.js"
    ],
    "Angular": [
        "angular",
        "angular.js"
    ],
    "Vue.js": [
        "vue",
        "vue.js"
    ],
    "Svelte": [
        "svelte"
    ],
    "Next.js": [
        "next",
        "next.js"
    ],
    "Gatsby": [
        "gatsby"
    ],
    "Ember.js": [
        "ember",
        "ember.js"
    ],
    "Backbone.js": [
        "backbone",
        "backbone.js"
    ],
    "jQuery": [
        "jquery"
    ],
    "Bootstrap": [
        "bootstrap",
        "bootstrap.css"
    ],
    "Tailwind CSS": [
        "tailwind",
        "tailwind css"
    ],
    "Foundation": [
        "foundation"
    ],
    "Bulma": [
        "bulma"
    ],
    "Node.js": [
        "node",
        "node.js"
    ],
    "Express.js": [
        "express",
        "express.js"
    ],
    "Django": [
        "django"
    ],
    "Flask": [
        "flask"
    ],
    "Ruby on Rails": [
        "rails",
        "ruby on rails"
    ],
    "Spring Boot": [
        "spring",
        "spring boot"
    ],
    "ASP.NET": [
        "asp",
        "asp.net"
    ],
    "Laravel": [
        "laravel"
    ],
    "Symfony": [
        "symfony"
    ],
    "Phoenix": [
        "phoenix"
    ],
    "Play": [
        "play"
    ],
    "Koa": [
        "koa"
    ],
    "Hapi": [
        "hapi"
    ],
    "MySQL": [
        "mysql"
    ],
    "PostgreSQL": [
        "postgres",
        "postgresql"
    ],
    "SQLite": [
        "sqlite"
    ],
    "Oracle": [
        "oracle"
    ],
    "MongoDB": [
        "mongodb"
    ],
    "Cassandra": [
        "cassandra"
    ],
    "Redis": [
        "redis"
    ],
    "Elasticsearch": [
        "elasticsearch"
    ],
    "MariaDB": [
        "mariadb"
    ],
    "SQL Server": [
        "sqlserver",
        "mssql",
        "sql server"
    ],
    "DynamoDB": [
        "dynamodb"
    ],
    "CouchDB": [
        "couchdb"
    ],
    "Neo4j": [
        "neo4j"
    ],
    "Firebase": [
        "firebase"
    ],
    "Snowflake": [
        "snowflake"
    ],
    "ClickHouse": [
        "clickhouse"
    ],
    "HBase": [
        "hbase"
    ],
    "InfluxDB": [
        "influxdb"
    ],
    "RavenDB": [
        "ravendb"
    ],
    "ArangoDB": [
        "arangodb"
    ],
    "Docker": [
        "docker",
        "docker-compose"
    ],
    "Kubernetes": [
        "k8s",
        "kubernetes"
    ],
    "Ansible": [
        "ansible"
    ],
    "Terraform": [
        "terraform"
    ],
    "Jenkins": [
        "jenkins"
    ],
    "CircleCI": [
        "circleci"
    ],
    "Travis CI": [
        "travisci",
        "travis ci"
    ],
    "GitLab CI": [
        "gitlab",
        "gitlab ci"
    ],
    "Bamboo": [
        "bamboo"
    ],
    "TeamCity": [
        "teamcity"
    ],
    "Puppet": [
        "puppet"
    ],
    "Chef": [
        "chef"
    ],
    "Vagrant": [
        "vagrant"
    ],
    "OpenShift": [
        "openshift"
    ],
    "Rancher": [
        "rancher"
    ],
    "Prometheus": [
        "prometheus"
    ],
    "Grafana": [
        "grafana"
    ],
    "ELK Stack": [
        "elk",
        "elk stack"
    ],
    "Splunk": [
        "splunk"
    ],
    "Nagios": [
        "nagios"
    ],
    "Consul": [
        "consul"
    ],
    "HashiCorp Vault": [
        "vault",
        "hashicorp vault"
    ],
    "AWS": [
        "aws",
        "amazon web services",
        "ec2",
        "s3",
        "rds",
        "lambda",
        "cloudfront",
        "sqs",
        "sns",
        "dynamodb"
    ],
    "Microsoft Azure": [
        "azure",
        "microsoft azure",
        "azure devops",
        "virtual machines",
        "blob storage",
        "sql database",
        "cosmos db",
        "app service"
    ],
    "Google Cloud Platform": [
        "gcp",
        "google cloud",
        "google cloud platform",
        "compute engine",
        "cloud storage",
        "bigquery",
        "cloud functions",
        "firestore",
        "kubernetes engine",
        "pub/sub"
    ],
    "IBM Cloud": [
        "ibm cloud"
    ],
    "DigitalOcean": [
        "digitalocean"
    ],
    "Heroku": [
        "heroku"
    ],
    "Git": [
        "git"
    ],
    "GitHub": [
        "github"
    ],
    "Bitbucket": [
        "bitbucket"
    ],
    "Subversion": [
        "svn",
        "subversion"
    ],
    "Mercurial": [
        "hg",
        "mercurial"
    ],
    "Visual Studio Code": [
        "vscode",
        "visual studio code"
    ],
    "IntelliJ IDEA": [
        "intellij",
        "intellij idea"
    ],
    "PyCharm": [
        "pycharm"
    ],
    "Eclipse": [
        "eclipse"
    ],
    "NetBeans": [
        "netbeans"
    ],
    "Visual Studio": [
        "vs",
        "visual studio"
    ],
    "Xcode": [
        "xcode"
    ],
    "Android Studio": [
        "android studio"
    ],
    "Sublime Text": [
        "sublime",
        "sublime text"
    ],
    "Atom": [
        "atom"
    ],
    "Vim": [
        "vim"
    ],
    "Emacs": [
        "emacs"
    ],
    "WebStorm": [
        "webstorm"
    ],
    "PHPStorm": [
        "phpstorm"
    ],
    "RubyMine": [
        "rubymine"
    ],
    "GoLand": [
        "goland"
    ],
    "JUnit": [
        "junit"
    ],
    "NUnit": [
        "nunit"
    ],
    "PyTest": [
        "pytest"
    ],
    "Mocha": [
        "mocha"
    ],
    "Jasmine": [
        "jasmine"
    ],
    "Jest": [
        "jest"
    ],
    "Cypress": [
        "cypress"
    ],
    "Selenium": [
        "selenium"
    ],
    "Cucumber": [
        "cucumber"
    ],
    "TestNG": [
        "testng"
    ],
    "Appium": [
        "appium"
    ],
    "Robot Framework": [
        "robot"
    ],
    "Postman": [
        "postman"
    ],
    "LoadRunner": [
        "loadrunner"
    ],
    "JMeter": [
        "jmeter"
    ],
    "Jira": [
        "jira"
    ],
    "Trello": [
        "trello"
    ],
    "Asana": [
        "asana"
    ],
    "Monday.com": [
        "monday"
    ],
    "Basecamp": [
        "basecamp"
    ],
    "ClickUp": [
        "clickup"
    ],
    "Wrike": [
        "wrike"
    ],
    "Smartsheet": [
        "smartsheet"
    ],
    "Notion": [
        "notion"
    ],
    "Confluence": [
        "confluence"
    ],
    "TensorFlow": [
        "tensorflow"
    ],
    "PyTorch": [
        "pytorch"
    ],
    "Keras": [
        "keras"
    ],
    "Scikit-Learn": [
        "sklearn"
    ],
    "XGBoost": [
        "xgboost"
    ],
    "LightGBM": [
        "lightgbm"
    ],
    "CatBoost": [
        "catboost"
    ],
    "Numpy": [
        "numpy",
        "np"
    ],
    "Pandas": [
        "pandas",
        "pd"
    ],
    "Matplotlib": [
        "matplotlib"
    ],
    "Seaborn": [
        "seaborn"
    ],
    "Plotly": [
        "plotly"
    ],
    "NLTK": [
        "nltk"
    ],
    "SpaCy": [
        "spacy"
    ],
    "OpenCV": [
        "opencv"
    ],
    "D3.js": [
        "d3"
    ],
    "Jupyter": [
        "jupyter"
    ],
    "Apache Spark": [
        "spark"
    ],
    "Hadoop": [
        "hadoop"
    ],
    "Hive": [
        "hive"
    ],
    "Pig": [
        "pig"
    ],
    "Flink": [
        "flink"
    ],
    "H2O.ai": [
        "h2o"
    ],
    "MLflow": [
        "mlflow"
    ],
    "DataRobot": [
        "datarobot"
    ],
    "TCP/IP": [
        "tcp",
        "ip",
        "tcp/ip"
    ],
    "HTTP/HTTPS": [
        "http",
        "https",
        "http/https"
    ],
    "FTP/SFTP": [
        "ftp",
        "sftp"
    ],
    "SSH": [
        "ssh"
    ],
    "SSL/TLS": [
        "ssl",
        "tls"
    ],
    "VPN": [
        "vpn"
    ],
    "Firewall": [
        "firewall"
    ],
    "OAuth": [
        "oauth"
    ],
    "JWT": [
        "jwt",
        "json web token"
    ],
    "OpenID Connect": [
        "openid",
        "openid connect"
    ],
    "SAML": [
        "saml"
    ],
    "LDAP": [
        "ldap"
    ],
    "Kerberos": [
        "kerberos"
    ],
    "Salesforce": [
        "salesforce"
    ],
    "SAP": [
        "sap"
    ],
    "Oracle E-Business Suite": [
        "oracle ebs",
        "oracle e-business suite"
    ],
    "Microsoft Dynamics": [
        "dynamics",
        "microsoft dynamics"
    ],
    "Tableau": [
        "tableau"
    ],
    "Power BI": [
        "powerbi",
        "power bi"
    ],
    "QlikView": [
        "qlikview"
    ],
    "Looker": [
        "looker"
    ],
    "Business Objects": [
        "business objects"
    ],
    "Pentaho": [
        "pentaho"
    ],
    "Talend": [
        "talend"
    ],
    "Informatica": [
        "informatica"
    ],
    "Apache Kafka": [
        "kafka"
    ],
    "RabbitMQ": [
        "rabbitmq"
    ],
    "ZeroMQ": [
        "zeromq"
    ],
    "ActiveMQ": [
        "activemq"
    ],
    "MQTT": [
        "mqtt"
    ],
    "WebSockets": [
        "websocket",
        "websockets"
    ],
    "GraphQL": [
        "graphql"
    ],
    "RESTful APIs": [
        "rest",
        "restful",
        "restful apis"
    ],
    "SOAP": [
        "soap"
    ],
    "JSON": [
        "json"
    ],
    "XML": [
        "xml"
    ],
    "WebRTC": [
        "webrtc"
    ],
    "Memcached": [
        "memcached"
    ],
    "Nginx": [
        "nginx"
    ],
    "Apache HTTP Server": [
        "apache",
        "apache http server"
    ],
    "Tomcat": [
        "tomcat"
    ],
    "WebSphere": [
        "websphere"
    ],
    "JBoss": [
        "jboss"
    ],
    "IIS": [
        "iis",
        "internet information services"
    ],
    "VMware": [
        "vmware"
    ],
    "VirtualBox": [
        "virtualbox"
    ],
    "Hyper-V": [
        "hyperv",
        "hyper-v"
    ],
    "Citrix": [
        "citrix"
    ],
    "Xen": [
        "xen"
    ],
    "Proxmox": [
        "proxmox"
    ],
    "OpenStack": [
        "openstack"
    ],
    "Backend": [
        "back-end",
        "backend"
    ],
    "Frontend": [
        "front-end",
        "frontend"
    ],
    "Full Stack": [
        "full-stack",
        "full stack"
    ],
    "DevOps": [
        "devops"
    ],
    "Data Scientist": [
        "data science",
        "data scientist",
        "ds"
    ],
    "Data Engineer": [
        "data engineering",
        "data engineer"
    ],
    "Software Engineer": [
        "software engineering",
        "software engineer"
    ],
    "QA Engineer": [
        "quality assurance",
        "qa engineer"
    ],
    "Systems Analyst": [
        "systems analysis",
        "systems analyst"
    ],
    "Network Engineer": [
        "network engineering",
        "network engineer"
    ],
    "Database Administrator": [
        "dba",
        "database administrator"
    ],
    "Security Engineer": [
        "security engineering",
        "security engineer"
    ],
    "Cloud Engineer": [
        "cloud engineering",
        "cloud engineer"
    ],
    "Machine Learning Engineer": [
        "machine learning",
        "ml engineer"
    ],
    "AI Engineer": [
        "artificial intelligence",
        "ai engineer"
    ],
    "UX Designer": [
        "user experience",
        "ux designer"
    ],
    "UI Designer": [
        "user interface",
        "ui designer"
    ],
    "Product Manager": [
        "product management",
        "product manager"
    ],
    "Project Manager": [
        "project management",
        "project manager"
    ],
    "Technical Support": [
        "tech support",
        "technical support"
    ],
    "Artificial Intelligence": [
        "ai",
        "artificial intelligence"
    ],
    "Machine Learning": [
        "ml",
        "machine learning"
    ],
    "Deep Learning": [
        "dl",
        "deep learning"
    ],
    "Natural Language Processing": [
        "nlp",
        "natural language processing"
    ],
    "Computer Vision": [
        "cv",
        "computer vision"
    ],
    "Data Science": [
        "ds",
        "data science"
    ],
    "Big Data": [
        "big data"
    ],
    "Cloud Computing": [
        "cloud computing"
    ],
    "Cybersecurity": [
        "cyber security",
        "cybersecurity"
    ],
    "Internet of Things": [
        "iot",
        "internet of things"
    ],
    "Blockchain": [
        "blockchain"
    ],
    "Software Development": [
        "software dev",
        "software development"
    ],
    "Web Development": [
        "web dev",
        "web development"
    ],
    "Mobile Development": [
        "mobile dev",
        "mobile development"
    ],
    "Game Development": [
        "game dev",
        "game development"
    ],
    "Embedded Systems": [
        "embedded sys",
        "embedded systems"
    ],
    "Robotics": [
        "robotics"
    ],
    "Human-Computer Interaction": [
        "hci",
        "human-computer interaction"
    ],
    "Virtual Reality": [
        "vr",
        "virtual reality"
    ],
    "Augmented Reality": [
        "ar",
        "augmented reality"
    ],
    "Quantum Computing": [
        "quantum computing"
    ],
    "Bioinformatics": [
        "bioinformatics"
    ],
    "Computational Biology": [
        "comp bio",
        "computational biology"
    ],
    "High-Performance Computing": [
        "hpc",
        "high-performance computing"
    ],
    "Distributed Systems": [
        "distributed sys",
        "distributed systems"
    ],
    "Parallel Computing": [
        "parallel computing"
    ],
    "Networking": [
        "networking"
    ],
    "Information Retrieval": [
        "ir",
        "information retrieval"
    ],
    "Software Engineering": [
        "software eng",
        "software engineering"
    ],
    "Database Systems": [
        "db sys",
        "database systems"
    ],
    "Operating Systems": [
        "os",
        "operating systems"
    ],
    "Computer Graphics": [
        "comp graphics",
        "computer graphics"
    ],
    "Theoretical Computer Science": [
        "theoretical cs",
        "theoretical computer science"
    ]
}