Term,IDF
1,3.8501476017100584
2,2.0583881324820035
3,0.9057086225436182
4,2.463853240590168
5,1.1420974006078486
a,0.5920510636885765
acceleration,3.8501476017100584
across,3.1570004211501135
actionable,3.8501476017100584
actions,3.8501476017100584
address,3.1570004211501135
addressing,3.8501476017100584
advantage,1.7707060600302227
affect,3.8501476017100584
agile,3.1570004211501135
ai,1.452252328911688
airflow,2.463853240590168
algorithms,2.2407096892759584
alike,3.8501476017100584
all,3.8501476017100584
amazon,3.1570004211501135
an,1.9042374526547452
analysis,3.1570004211501135
analytical,3.8501476017100584
analytics,3.8501476017100584
and,0.16126814759612232
annotation,3.8501476017100584
anomaly,3.1570004211501135
apache,2.0583881324820035
api,3.8501476017100584
applications,2.2407096892759584
applied,3.8501476017100584
architecture,3.8501476017100584
architectures,2.751535313041949
are,3.1570004211501135
areas,3.1570004211501135
art,3.8501476017100584
as,0.4489502200479032
asr,3.8501476017100584
at,1.547562508716013
attention,3.8501476017100584
audience,3.8501476017100584
audiences,3.8501476017100584
automation,3.8501476017100584
autonomous,3.8501476017100584
aws,0.9597758438138939
azure,1.6529230243738393
b,3.8501476017100584
ba,3.8501476017100584
bachelor,3.8501476017100584
background,3.8501476017100584
base,3.8501476017100584
based,2.0583881324820035
bert,3.1570004211501135
best,3.8501476017100584
bi,3.8501476017100584
big,1.9042374526547452
biomedical,3.8501476017100584
boosting,2.751535313041949
both,3.8501476017100584
bringing,3.8501476017100584
bsc,3.8501476017100584
build,3.1570004211501135
building,1.7707060600302227
business,2.751535313041949
c,2.751535313041949
cassandra,3.8501476017100584
cd,3.1570004211501135
ci,3.1570004211501135
classifier,3.8501476017100584
clickhouse,3.8501476017100584
cloud,0.8544153281560676
cloudformation,3.8501476017100584
clouds,3.8501476017100584
cnn,3.8501476017100584
code,2.2407096892759584
coding,2.751535313041949
collaborating,3.8501476017100584
colleague,3.1570004211501135
combinatorial,3.8501476017100584
commercial,3.8501476017100584
communicating,3.1570004211501135
communication,3.1570004211501135
complex,3.8501476017100584
components,3.8501476017100584
computer,1.7707060600302227
computing,1.9042374526547452
concepts,3.1570004211501135
conducting,2.751535313041949
conferences,3.1570004211501135
configuration,3.8501476017100584
consistent,3.8501476017100584
containerization,3.1570004211501135
contexts,3.8501476017100584
control,3.8501476017100584
convex,3.8501476017100584
core,3.8501476017100584
cover,3.8501476017100584
create,3.8501476017100584
creating,3.8501476017100584
cross,3.8501476017100584
cuda,3.8501476017100584
customer,2.2407096892759584
cv,3.8501476017100584
cyber,3.8501476017100584
cybersecurity,3.8501476017100584
dagster,2.751535313041949
dask,3.8501476017100584
data,0.4828517717235845
database,3.8501476017100584
databases,2.463853240590168
databricks,3.1570004211501135
dataset,3.8501476017100584
datasets,3.1570004211501135
db,3.8501476017100584
deep,1.0169342576538425
degree,3.8501476017100584
delivering,3.1570004211501135
demand,3.8501476017100584
demonstrated,3.8501476017100584
deploying,2.2407096892759584
deployment,2.2407096892759584
design,2.463853240590168
designed,3.8501476017100584
designing,2.463853240590168
desirable,3.8501476017100584
detail,3.8501476017100584
detection,3.1570004211501135
developer,3.8501476017100584
developers,3.8501476017100584
developing,1.7707060600302227
development,1.9042374526547452
devops,3.8501476017100584
distributed,3.1570004211501135
docker,2.2407096892759584
dom,3.8501476017100584
domain,3.8501476017100584
domains,2.751535313041949
driven,2.751535313041949
drone,3.8501476017100584
dynamodb,3.8501476017100584
e,1.547562508716013
ecosystem,3.8501476017100584
embedded,3.8501476017100584
embedding,3.8501476017100584
empirical,3.8501476017100584
empower,3.8501476017100584
end,3.1570004211501135
engagement,3.8501476017100584
engineer,2.0583881324820035
engineering,1.3652409519220583
engineers,3.8501476017100584
enhance,3.8501476017100584
enhancing,3.8501476017100584
ensure,3.8501476017100584
entire,3.8501476017100584
environment,2.0583881324820035
environments,2.463853240590168
equivalent,3.1570004211501135
especially,3.1570004211501135
estimation,3.8501476017100584
etc,1.9042374526547452
evaluating,3.8501476017100584
evaluation,2.463853240590168
event,3.8501476017100584
exceptional,3.1570004211501135
existing,3.8501476017100584
experience,0.0
experienced,3.8501476017100584
experiences,2.751535313041949
experiment,2.751535313041949
experimental,3.8501476017100584
expertise,3.1570004211501135
extensive,3.8501476017100584
eye,3.8501476017100584
face,3.8501476017100584
familiarity,3.8501476017100584
feature,3.1570004211501135
features,3.8501476017100584
field,3.1570004211501135
fields,3.8501476017100584
finance,2.751535313041949
findings,3.8501476017100584
fine,3.1570004211501135
flink,3.8501476017100584
flow,3.8501476017100584
focus,2.2407096892759584
focusing,3.8501476017100584
following,3.8501476017100584
for,1.452252328911688
forecasting,3.8501476017100584
formatting,3.8501476017100584
framework,3.8501476017100584
frameworks,0.6312717768418578
fraud,3.8501476017100584
from,2.751535313041949
functionally,3.8501476017100584
functions,3.1570004211501135
g,1.547562508716013
gaze,3.8501476017100584
gcp,1.3652409519220583
genai,3.1570004211501135
general,3.1570004211501135
generative,2.751535313041949
geometry,3.8501476017100584
gis,3.8501476017100584
github,3.8501476017100584
google,2.751535313041949
gpt,3.1570004211501135
gpu,3.8501476017100584
grade,3.1570004211501135
gradient,2.751535313041949
hadoop,3.1570004211501135
hands,1.285198244248522
hardware,3.8501476017100584
helping,3.8501476017100584
hierarchical,3.8501476017100584
high,3.1570004211501135
highly,3.8501476017100584
hive,3.8501476017100584
html,3.8501476017100584
hugging,3.8501476017100584
huggingface,3.8501476017100584
hybrid,3.8501476017100584
iac,3.8501476017100584
ideally,3.8501476017100584
ideation,3.1570004211501135
identity,3.8501476017100584
image,3.1570004211501135
imagery,3.8501476017100584
impact,3.8501476017100584
implementation,3.8501476017100584
implementing,2.751535313041949
improve,3.1570004211501135
in,0.1124779834266903
include,3.8501476017100584
including,2.463853240590168
industry,2.2407096892759584
infrastructure,2.463853240590168
infrastructures,3.8501476017100584
insights,3.8501476017100584
internal,3.8501476017100584
into,3.8501476017100584
investigation,3.8501476017100584
is,1.7707060600302227
it,3.8501476017100584
java,3.8501476017100584
journals,3.1570004211501135
js,3.8501476017100584
kafka,3.8501476017100584
keras,3.8501476017100584
kinesis,3.8501476017100584
kit,3.8501476017100584
knowledge,3.1570004211501135
kubeflow,3.8501476017100584
kubernetes,3.1570004211501135
langchain,3.1570004211501135
language,1.285198244248522
languages,1.9042374526547452
large,1.6529230243738393
leading,2.463853240590168
learn,1.452252328911688
learning,0.4489502200479032
least,1.6529230243738393
level,3.8501476017100584
leverage,3.8501476017100584
leveraging,2.463853240590168
libraries,1.3652409519220583
lifecycle,3.1570004211501135
like,1.452252328911688
linux,3.8501476017100584
llm,2.463853240590168
llms,2.751535313041949
lstm,3.8501476017100584
machine,0.8544153281560676
made,3.8501476017100584
mainly,3.8501476017100584
maintaining,3.8501476017100584
make,3.8501476017100584
management,2.751535313041949
managing,3.8501476017100584
master,3.8501476017100584
mathematical,3.8501476017100584
media,3.1570004211501135
member,3.1570004211501135
messaging,3.8501476017100584
methods,2.463853240590168
metrics,3.8501476017100584
microservices,3.8501476017100584
millions,3.8501476017100584
minimum,1.9042374526547452
ml,1.0775588794702773
mlflow,3.8501476017100584
mlops,1.7707060600302227
model,2.2407096892759584
modeling,3.8501476017100584
models,0.9057086225436182
modern,3.1570004211501135
monitor,2.751535313041949
monitoring,3.8501476017100584
more,3.8501476017100584
ms,3.8501476017100584
msk,3.8501476017100584
multimodal,3.8501476017100584
multiple,3.8501476017100584
must,2.751535313041949
mysql,3.8501476017100584
natural,1.547562508716013
needs,3.8501476017100584
networks,3.1570004211501135
neural,3.1570004211501135
nlp,1.6529230243738393
node,3.8501476017100584
non,3.1570004211501135
nosql,3.8501476017100584
novel,3.8501476017100584
numeric,3.1570004211501135
object,3.8501476017100584
of,0.2947995402206448
on,0.8544153281560676
one,3.1570004211501135
open,2.0583881324820035
openai,3.1570004211501135
opencv,3.1570004211501135
ops,3.8501476017100584
optimization,3.8501476017100584
optimizations,3.8501476017100584
optimize,3.1570004211501135
optimized,3.8501476017100584
optimizing,3.8501476017100584
or,0.3536400402435784
oracle,3.1570004211501135
orchestration,2.751535313041949
organizational,3.8501476017100584
organizations,3.8501476017100584
other,2.751535313041949
others,3.8501476017100584
packages,3.8501476017100584
pandas,2.2407096892759584
papers,3.1570004211501135
paradigms,3.8501476017100584
partners,3.8501476017100584
passion,3.8501476017100584
peers,3.8501476017100584
performance,3.1570004211501135
performing,3.8501476017100584
pipelines,2.0583881324820035
platform,3.8501476017100584
platforms,1.547562508716013
plus,2.2407096892759584
popular,3.1570004211501135
power,3.8501476017100584
practical,3.1570004211501135
practices,3.8501476017100584
predictive,3.1570004211501135
preferably,2.751535313041949
preferred,3.1570004211501135
prem,3.8501476017100584
preprocessing,3.1570004211501135
prevention,3.8501476017100584
previous,2.751535313041949
prior,2.463853240590168
problems,2.463853240590168
processes,3.8501476017100584
processing,1.1420974006078486
product,3.1570004211501135
production,1.3652409519220583
productization,3.8501476017100584
products,2.463853240590168
proficiency,1.6529230243738393
profiling,3.8501476017100584
programming,1.6529230243738393
project,3.8501476017100584
projects,2.463853240590168
prompt,3.8501476017100584
proven,1.452252328911688
public,3.1570004211501135
publishing,3.1570004211501135
pulumi,3.8501476017100584
puppeteer,3.8501476017100584
purpose,3.8501476017100584
py,3.8501476017100584
pyspark,2.2407096892759584
python,0.8544153281560676
pytorch,0.4828517717235845
quality,3.1570004211501135
quantitative,3.8501476017100584
queries,3.8501476017100584
r,2.463853240590168
rag,3.1570004211501135
range,3.8501476017100584
ray,3.8501476017100584
real,2.751535313041949
recognition,3.8501476017100584
record,2.751535313041949
reinforcement,2.751535313041949
related,1.9042374526547452
relational,3.1570004211501135
relevant,2.751535313041949
reporting,3.8501476017100584
reputable,3.1570004211501135
research,1.9042374526547452
researchers,3.8501476017100584
results,3.8501476017100584
retention,3.8501476017100584
rnn,3.8501476017100584
robotics,3.8501476017100584
role,2.0583881324820035
roles,2.751535313041949
s,3.8501476017100584
saas,3.8501476017100584
sagemaker,2.751535313041949
satellite,3.8501476017100584
scalable,2.751535313041949
scale,2.2407096892759584
schedule,2.751535313041949
sci,3.8501476017100584
science,1.0775588794702773
scientist,2.2407096892759584
scientists,3.8501476017100584
scikit,1.547562508716013
scratch,3.8501476017100584
security,3.1570004211501135
seldon,3.8501476017100584
senior,3.1570004211501135
series,3.8501476017100584
services,2.463853240590168
serving,3.8501476017100584
settings,3.8501476017100584
shipping,3.1570004211501135
similar,1.547562508716013
sk,3.8501476017100584
skills,2.0583881324820035
sklearn,3.1570004211501135
snowflake,3.8501476017100584
software,1.452252328911688
solid,3.8501476017100584
solutions,2.751535313041949
solve,3.1570004211501135
solving,3.8501476017100584
source,2.2407096892759584
spark,2.463853240590168
specifications,3.8501476017100584
speech,3.8501476017100584
sql,2.0583881324820035
standout,3.1570004211501135
state,3.8501476017100584
statistical,3.8501476017100584
statistician,3.8501476017100584
storage,3.8501476017100584
streaming,3.8501476017100584
strong,1.452252328911688
structures,3.8501476017100584
successful,3.1570004211501135
successfully,3.8501476017100584
such,0.6312717768418578
supporting,3.1570004211501135
systems,2.751535313041949
tableau,3.8501476017100584
tabular,2.463853240590168
team,3.1570004211501135
teams,2.0583881324820035
technical,3.8501476017100584
techniques,3.1570004211501135
technologies,1.9042374526547452
technology,2.751535313041949
tensorflow,0.4489502200479032
tensorrt,3.8501476017100584
terraform,3.8501476017100584
testing,3.1570004211501135
that,2.463853240590168
the,1.7707060600302227
their,3.8501476017100584
them,3.8501476017100584
theoretical,3.1570004211501135
time,3.1570004211501135
to,1.1420974006078486
toolkits,3.1570004211501135
tools,1.1420974006078486
torch,3.8501476017100584
track,3.1570004211501135
tracking,2.751535313041949
trading,2.751535313041949
training,2.2407096892759584
transfer,3.8501476017100584
transformer,2.463853240590168
tuning,3.1570004211501135
typescript,3.8501476017100584
understanding,3.8501476017100584
usage,3.8501476017100584
used,3.8501476017100584
user,2.751535313041949
users,3.8501476017100584
using,1.6529230243738393
utilizing,3.8501476017100584
vast,3.8501476017100584
vector,2.463853240590168
version,3.8501476017100584
vertex,3.1570004211501135
video,3.8501476017100584
view,3.8501476017100584
vision,2.0583881324820035
visualization,3.8501476017100584
way,3.8501476017100584
web,3.1570004211501135
well,3.1570004211501135
wide,3.8501476017100584
will,3.8501476017100584
windows,3.8501476017100584
with,0.04348511193973889
within,2.751535313041949
without,3.8501476017100584
work,3.8501476017100584
workflow,2.751535313041949
workflows,2.751535313041949
working,1.0775588794702773
world,3.1570004211501135
worldwide,3.8501476017100584
wrangling,3.1570004211501135
writing,3.1570004211501135
year,3.8501476017100584
years,0.26662866325394863
yrs,3.1570004211501135
